,EVENT-ID,DATE,TIME,LAT(deg),LAT-ERR(km),LON(deg),LON-ERR(km),DEPTH(km),RMS(s),AZ-GAP(deg),N_PHASES,MAG(ML)
83,dias2013ounh,2013-07-30,10:56:29.388,54.11401,0.847,-8.17115,1.37,0.0,0.451,77.3,36,1.18
102,dias2013psgr,2013-08-12,10:51:10.146,54.82306,2.148,-6.06838,1.228,0.0,0.612,105.1,25,1.24
124,dias2013qvsa,2013-08-28,13:32:30.950,52.89928,1.061,-9.06385,1.245,0.0,0.316,93.1,35,1.3
130,dias2013qxms,2013-08-29,13:07:57.382,53.37685,1.126,-9.19604,1.019,0.0,0.481,86.4,42,1.17
137,dias2013rlzk,2013-09-06,11:26:58.830,54.5862,1.844,-5.78568,1.187,0.0,0.864,83.3,23,1.08
139,dias2013rmcr,2013-09-06,13:05:35.433,53.79102,0.771,-7.72047,0.958,0.0,0.636,48.9,56,1.38
140,dias2013rmct,2013-09-06,13:07:39.723,53.79372,1.01,-7.7045,1.232,0.0,0.494,90.0,35,1.23
141,dias2013rrkw,2013-09-09,10:54:07.313,54.88547,2.78,-6.28009,1.447,0.0,0.396,148.2,21,0.91
142,dias2013rrls,2013-09-09,11:19:54.672,53.73794,0.808,-7.11559,1.101,0.0,0.397,61.4,55,1.28
144,dias2013rrny,2013-09-09,12:28:12.343,54.61351,2.327,-5.73176,1.554,0.0,0.517,103.0,16,1.18
145,dias2013rrpj,2013-09-09,13:11:02.092,52.35267,1.055,-9.77242,2.083,0.0,0.419,140.6,24,1.23
146,dias2013rrqx,2013-09-09,13:57:19.605,54.17544,0.88,-7.62014,1.206,0.0,0.314,49.5,44,1.5
149,dias2013rtkg,2013-09-10,12:52:05.358,55.10579,1.258,-7.43027,1.412,0.0,0.446,110.0,34,0.95
150,dias2013rtkq,2013-09-10,13:04:21.802,51.82265,1.382,-8.4639,1.262,0.0,0.726,125.9,33,1.54
151,dias2013rtld,2013-09-10,13:19:38.321,54.51592,0.991,-7.65635,1.55,0.0,0.407,99.8,36,0.88
152,dias2013rtnn,2013-09-10,14:31:58.410,52.54602,1.091,-7.83602,1.031,0.0,0.404,67.5,39,1.47
153,dias2013rvam,2013-09-11,10:12:31.349,54.81395,1.98,-5.90898,1.21,0.0,0.469,94.2,29,1.32
154,dias2013rvbq,2013-09-11,10:47:40.111,52.57035,1.112,-9.05711,1.219,0.0,0.511,96.9,36,1.48
155,dias2013rvco,2013-09-11,11:14:59.580,54.02964,0.941,-6.84655,1.336,0.0,0.439,74.7,46,1.27
156,dias2013rvfe,2013-09-11,12:34:22.833,55.06705,1.675,-7.81982,1.133,0.0,0.395,128.2,42,0.68
157,dias2013rvgi,2013-09-11,13:10:14.213,53.68787,1.031,-6.36408,1.352,0.0,0.53,54.7,39,1.35
158,dias2013rvhm,2013-09-11,13:44:41.773,53.48571,1.509,-9.90927,2.895,0.0,0.362,204.6,21,1.08
163,dias2013rxdn,2013-09-12,14:00:58.464,52.59401,1.355,-7.19259,1.059,0.0,0.379,69.2,35,1.36
164,dias2013rxjf,2013-09-12,16:53:44.371,52.87343,1.063,-8.69291,1.137,0.0,0.408,76.2,33,1.3
165,dias2013rxji,2013-09-12,16:56:37.274,52.8736,1.115,-8.69264,1.369,0.0,0.46,76.2,28,1.09
166,dias2013ryva,2013-09-13,11:59:47.756,53.84846,0.929,-8.78973,1.243,0.0,0.355,94.8,38,1.05
168,dias2013ryzl,2013-09-13,14:13:41.821,53.81445,0.713,-8.0502,1.013,0.0,0.325,74.9,60,1.42
169,dias2013seet,2013-09-16,10:35:31.212,53.21238,1.656,-6.90608,1.157,0.0,0.446,90.4,21,1.25
170,dias2013selh,2013-09-16,13:53:46.847,53.47854,1.704,-8.9509,1.367,0.0,0.447,101.5,19,1.53
171,dias2013selt,2013-09-16,14:07:36.555,53.18736,2.676,-6.54574,1.552,0.0,0.502,142.7,16,0.72
172,dias2013sger,2013-09-17,12:49:27.304,52.76349,1.595,-6.1253,1.643,0.0,0.293,140.9,23,1.28
173,dias2013sgfx,2013-09-17,13:26:11.409,54.58921,1.558,-7.01385,1.288,0.0,0.292,79.3,33,1.03
174,dias2013sghb,2013-09-17,14:01:16.953,53.42959,1.114,-7.14062,1.377,0.0,0.448,97.9,34,1.25
177,dias2013shzb,2013-09-18,12:15:35.003,54.9628,2.388,-6.4192,1.126,0.0,0.374,127.8,26,1.5
179,dias2013sjqz,2013-09-19,10:26:46.309,52.79503,1.579,-6.97231,1.502,0.0,0.734,89.9,16,0.96
180,dias2013sjte,2013-09-19,11:33:40.592,54.38422,1.495,-6.61315,1.638,0.0,0.718,77.5,17,0.94
181,dias2013sjuw,2013-09-19,12:25:09.772,54.37103,1.055,-7.70441,1.692,0.0,0.352,90.6,24,1.24
182,dias2013sjyc,2013-09-19,14:02:57.065,53.41125,0.995,-6.309,1.368,0.0,0.567,106.4,38,1.36
183,dias2013slpj,2013-09-20,11:54:28.598,54.28704,1.041,-7.44163,1.623,0.0,0.285,87.3,25,1.18
184,dias2013slrw,2013-09-20,13:10:20.975,51.8483,1.298,-8.79037,1.295,0.0,0.335,99.4,24,1.06
185,dias2013slvq,2013-09-20,15:04:18.939,54.21526,0.709,-8.52765,1.407,0.0,0.56,138.8,53,1.35
190,dias2013srgj,2013-09-23,14:10:38.671,53.91507,0.737,-6.71434,1.177,0.0,0.401,80.7,63,1.46
192,dias2013ssvz,2013-09-24,11:12:10.424,54.89599,0.944,-8.19686,0.818,0.0,0.446,69.9,51,1.28
193,dias2013sszp,2013-09-24,13:00:58.834,53.50472,1.047,-6.82677,1.338,0.0,0.477,74.2,30,1.08
194,dias2013sszz,2013-09-24,13:13:07.810,52.3443,2.1,-6.92667,1.562,0.0,0.383,169.0,20,1.13
195,dias2013stbn,2013-09-24,13:59:41.426,52.59357,1.172,-7.17297,1.065,0.0,0.361,69.3,37,1.23
196,dias2013stdn,2013-09-24,15:00:29.624,53.95614,0.773,-6.74092,1.155,0.0,0.556,40.2,61,1.22
197,dias2013suor,2013-09-25,09:46:33.115,54.23627,0.722,-8.22738,1.201,0.0,0.492,74.0,58,1.06
199,dias2013sutd,2013-09-25,12:01:53.545,52.64124,2.009,-6.27192,2.14,0.0,0.439,169.7,18,0.92
200,dias2013suwc,2013-09-25,13:31:47.146,53.69324,1.029,-6.39048,1.481,0.0,0.399,107.0,30,1.04
201,dias2013suxd,2013-09-25,14:02:45.969,52.69476,1.406,-8.86216,1.405,0.0,0.556,120.6,28,1.05
202,dias2013suyf,2013-09-25,14:35:23.871,52.18909,1.335,-8.81212,1.28,0.0,0.341,75.6,26,0.98
203,dias2013swnr,2013-09-26,11:32:56.970,53.21572,1.402,-6.40434,1.169,0.0,0.421,90.6,27,0.92
204,dias2013swpa,2013-09-26,12:13:46.668,53.20623,1.302,-6.49987,0.826,0.0,0.547,92.6,42,1.45
205,dias2013swpy,2013-09-26,12:41:17.573,53.70771,0.854,-8.18822,1.074,0.0,0.443,76.6,44,1.25
206,dias2013swqq,2013-09-26,13:02:05.664,54.39038,0.768,-7.38563,1.594,0.0,0.387,105.7,44,1.36
207,dias2013swqz,2013-09-26,13:13:15.352,54.89279,2.042,-6.98245,1.546,0.0,0.349,123.7,19,0.49
209,dias2013syig,2013-09-27,11:04:51.917,54.55489,1.036,-8.10443,1.678,0.0,0.263,108.7,34,1.02
210,dias2013symo,2013-09-27,13:15:24.846,54.26883,1.494,-6.74224,1.58,0.0,0.444,78.4,21,0.7
212,dias2013syup,2013-09-27,17:19:06.390,52.61636,1.216,-6.98881,1.14,0.0,0.404,85.8,35,1.15
215,dias2013tdww,2013-09-30,12:08:05.881,54.19036,1.141,-6.19058,1.533,0.0,0.421,93.7,30,1.07
216,dias2013tdze,2013-09-30,13:18:40.716,53.49338,1.665,-6.83834,1.612,0.0,0.578,150.3,17,0.93
217,dias2013tdzj,2013-09-30,13:24:36.513,53.90533,1.014,-7.64919,1.325,0.0,0.482,82.2,30,1.07
218,dias2013teax,2013-09-30,14:10:46.268,52.50473,1.317,-8.80718,1.239,0.0,0.574,83.7,26,1.1
219,dias2013tftd,2013-10-01,12:31:44.318,53.83391,0.799,-8.12776,1.029,0.0,0.539,62.4,51,1.47
220,dias2013thpv,2013-10-02,13:07:56.512,54.24371,1.242,-8.49118,2.182,0.0,0.454,128.4,24,1.08
221,dias2013tjfx,2013-10-03,10:23:50.315,53.0947,1.27,-8.80608,1.036,0.0,0.523,96.9,33,1.15
222,dias2013tjie,2013-10-03,11:31:44.358,53.19685,1.723,-8.51638,1.311,0.0,0.411,85.6,16,0.86
224,dias2013tjla,2013-10-03,12:57:57.681,53.42705,1.204,-8.94784,1.1,0.0,0.4,93.6,29,1.19
226,dias2013tjmg,2013-10-03,13:35:12.483,52.76719,1.381,-6.92826,1.213,0.0,0.492,67.9,26,1.09
228,dias2013tlfz,2013-10-04,12:41:43.271,55.05133,2.227,-6.77787,1.407,0.0,0.345,160.0,26,1.2
229,dias2013tlgm,2013-10-04,12:57:36.837,54.32099,1.78,-5.85324,1.596,0.0,0.513,103.8,20,1.01
230,dias2013tlkg,2013-10-04,14:51:42.459,54.23159,1.035,-6.92226,1.377,0.0,0.602,68.5,32,1.21
231,dias2013tnab,2013-10-05,11:59:09.118,54.32023,0.899,-8.21243,1.411,0.0,0.57,72.3,36,1.3
232,dias2013tqpq,2013-10-07,11:15:55.968,52.5454,1.65,-7.71557,1.233,0.0,0.316,118.8,25,1.15
233,dias2013tqqz,2013-10-07,11:55:57.790,52.63535,2.254,-6.28756,2.972,0.0,0.323,220.6,16,1.02
234,dias2013tqtz,2013-10-07,13:27:14.521,53.36284,2.247,-9.21204,1.452,0.0,0.582,125.2,15,1.17
235,dias2013tqun,2013-10-07,13:43:51.309,51.88661,2.489,-8.15586,3.012,0.0,0.333,153.9,11,1.12
236,dias2013tqwf,2013-10-07,14:34:25.013,55.07967,2.539,-7.83253,1.493,0.0,0.433,155.6,26,0.92
237,dias2013tsln,2013-10-08,11:27:17.433,54.14305,0.966,-7.61566,1.351,0.0,0.613,60.8,33,1.03
239,dias2013tsnr,2013-10-08,12:32:12.428,52.95465,1.599,-7.53099,1.142,0.0,0.442,81.4,21,0.83
240,dias2013tsoq,2013-10-08,13:01:31.376,55.11134,1.151,-7.44839,1.288,0.0,0.568,97.0,38,1.12
241,dias2013tsow,2013-10-08,13:08:36.024,51.81693,1.116,-9.03649,1.375,0.0,0.611,77.4,28,1.02
243,dias2013tsrq,2013-10-08,14:32:53.477,52.58959,1.181,-7.18817,1.142,0.0,0.497,70.0,35,1.17
244,dias2013tssv,2013-10-08,15:09:01.492,53.4121,1.449,-8.14625,1.757,0.0,0.452,85.9,21,0.87
245,dias2013tsuh,2013-10-08,15:52:34.028,54.11798,0.894,-8.18018,1.432,0.0,0.638,78.2,33,1.03
246,dias2013tsvp,2013-10-08,16:32:41.317,52.73512,1.256,-7.67806,1.115,0.0,0.334,77.9,31,0.92
247,dias2013tuds,2013-10-09,09:46:10.547,53.0765,1.376,-8.45117,1.051,0.0,0.392,75.2,29,1.08
248,dias2013tujx,2013-10-09,12:54:18.162,52.90266,1.249,-9.07112,1.298,0.0,0.352,93.4,22,1.36
249,dias2013tukd,2013-10-09,13:01:38.458,53.69607,1.001,-6.3618,1.224,0.0,0.486,55.3,36,1.38
251,dias2013twcv,2013-10-10,11:36:08.129,52.4757,1.531,-8.07693,1.197,0.0,0.377,123.1,29,1.25
252,dias2013twdr,2013-10-10,12:02:16.679,55.0205,0.354,-8.29867,0.354,0.0,0.18,162.0,25,0.94
253,dias2013twej,2013-10-10,12:22:10.671,52.72019,1.033,-8.67152,1.101,0.0,0.406,78.1,35,1.3
254,dias2013twhm,2013-10-10,13:57:37.765,53.412,1.477,-6.33124,1.562,0.0,0.536,108.5,24,1.24
255,dias2013txxg,2013-10-11,11:03:38.209,52.58119,1.132,-9.04563,1.173,0.0,0.608,96.3,33,1.33
257,dias2013txyo,2013-10-11,11:43:18.590,54.56495,1.859,-5.80134,1.169,0.0,0.421,81.1,23,1.1
258,dias2013txzc,2013-10-11,11:59:25.256,53.84307,1.249,-8.79355,1.585,0.0,0.386,93.2,24,1.02
260,dias2013tycc,2013-10-11,13:30:46.233,53.22943,1.111,-6.85083,1.0,0.0,0.462,98.3,34,1.38
261,dias2013tydz,2013-10-11,14:27:55.413,54.24255,0.668,-7.39685,1.03,0.0,0.359,47.2,70,1.54
262,dias2013tzsi,2013-10-12,10:50:25.519,53.7329,0.842,-7.12896,1.037,0.0,0.41,63.7,50,1.1
263,dias2013tzue,2013-10-12,11:46:03.000,53.69302,1.083,-9.54305,1.572,0.0,0.493,122.8,36,1.15
265,dias2013udkc,2013-10-14,11:13:01.986,52.34433,1.982,-7.07932,1.64,0.0,0.468,151.0,19,0.86
266,dias2013udmf,2013-10-14,12:17:10.432,54.3754,0.742,-7.71268,1.198,0.0,0.374,72.4,53,1.14
267,dias2013udms,2013-10-14,12:32:40.537,53.19265,1.447,-6.53524,1.032,0.0,0.563,94.4,29,0.74
268,dias2013udnk,2013-10-14,12:54:15.547,54.80623,0.832,-7.71391,0.924,0.0,0.357,83.2,59,1.33
269,dias2013udnq,2013-10-14,13:00:53.518,54.38952,0.801,-7.39394,1.3,0.0,0.42,64.0,46,1.33
270,dias2013udns,2013-10-14,13:03:22.967,54.39019,0.778,-7.38199,1.414,0.0,0.427,102.2,48,1.22
273,dias2013ufcd,2013-10-15,09:28:25.637,52.77757,2.081,-6.99374,2.835,0.0,0.485,133.4,9,0.8
274,dias2013uffl,2013-10-15,11:08:18.297,51.83912,1.473,-8.80156,1.313,0.0,0.426,104.5,20,1.2
275,dias2013ufgm,2013-10-15,11:40:26.676,51.98154,1.445,-10.213,2.064,0.0,0.713,163.6,24,1.3
276,dias2013ufjw,2013-10-15,13:22:54.215,54.2801,1.128,-7.45223,1.898,0.0,0.396,87.8,29,0.92
277,dias2013ufld,2013-10-15,14:01:28.362,53.44381,0.849,-7.1527,0.843,0.0,0.44,45.9,53,1.42
278,dias2013uhbu,2013-10-16,11:34:44.154,54.0825,1.143,-7.01293,1.682,0.0,0.498,126.3,27,1.0
279,dias2013uhdz,2013-10-16,12:40:17.369,54.62725,1.55,-5.74572,1.224,0.0,0.637,99.3,34,1.28
280,dias2013uhfs,2013-10-16,13:33:14.998,53.86337,1.001,-9.29438,1.519,0.0,0.331,105.1,35,1.27
281,dias2013uiye,2013-10-17,12:00:50.720,53.40998,1.027,-7.02021,1.015,0.0,0.426,46.2,40,1.17
282,dias2013uiyl,2013-10-17,12:09:21.019,53.70621,0.945,-6.37776,1.423,0.0,0.436,104.1,39,1.25
283,dias2013uiyy,2013-10-17,12:24:19.257,54.83776,1.572,-6.1743,1.226,0.0,0.638,83.1,39,1.27
284,dias2013uize,2013-10-17,12:31:57.254,54.12915,0.699,-7.26088,1.091,0.0,0.468,58.9,66,1.14
286,dias2013ukqt,2013-10-18,10:31:55.243,53.94587,0.981,-6.72626,1.63,0.0,0.424,80.8,30,1.18
287,dias2013ukqu,2013-10-18,10:33:12.444,53.95311,1.115,-6.70031,1.685,0.0,0.475,82.8,25,1.28
288,dias2013ukxc,2013-10-18,13:44:55.848,54.37224,0.966,-7.72637,1.615,0.0,0.469,71.1,29,1.45
289,dias2013uqez,2013-10-21,11:24:12.243,54.32246,0.805,-8.21569,1.18,0.0,0.316,75.7,53,1.45
291,dias2013uqin,2013-10-21,13:12:08.232,54.30188,0.774,-8.14476,1.218,0.0,0.519,64.2,52,1.29
292,dias2013uqpj,2013-10-21,16:39:20.113,52.87584,1.339,-8.71265,1.08,0.0,0.488,76.9,32,1.2
293,dias2013usaf,2013-10-22,11:15:45.030,55.13367,0.283,-7.95567,0.283,0.0,0.15,179.0,31,0.7
294,dias2013usds,2013-10-22,13:02:56.430,53.42583,1.689,-8.95011,1.168,0.0,0.437,99.9,20,1.23
296,dias2013usem,2013-10-22,13:25:22.933,53.7817,1.808,-9.30765,2.275,0.0,0.477,166.3,17,1.19
297,dias2013usft,2013-10-22,14:04:38.733,52.34928,1.288,-9.74272,2.252,0.0,0.618,114.2,19,0.92
298,dias2013utwo,2013-10-23,11:41:47.600,54.17442,1.044,-7.71884,1.472,0.0,0.727,90.5,27,1.28
299,dias2013utwx,2013-10-23,11:52:01.557,52.56388,1.314,-7.70978,1.225,0.0,0.359,76.1,27,1.3
300,dias2013uuah,2013-10-23,13:35:31.814,52.75944,1.382,-6.13144,1.345,0.0,0.445,141.1,30,1.37
302,dias2013uvqq,2013-10-24,10:58:32.041,53.69187,1.461,-6.33776,1.692,0.0,0.453,112.0,22,0.73
303,dias2013uvrs,2013-10-24,11:30:54.892,52.44976,1.25,-8.73834,1.289,0.0,0.392,80.2,28,1.03
304,dias2013uvww,2013-10-24,14:08:04.018,53.7817,1.423,-7.7119,1.333,0.0,0.396,114.2,25,1.11
305,dias2013uvxj,2013-10-24,14:22:41.930,52.28423,1.711,-7.14234,1.309,0.0,0.563,169.8,38,1.5
306,dias2013uxnf,2013-10-25,11:30:40.570,55.0165,0.354,-8.301,0.354,0.0,0.27,115.0,35,0.93
307,dias2013uxpi,2013-10-25,12:35:35.973,53.92926,0.966,-7.34265,1.388,0.0,0.361,81.3,38,1.43
308,dias2013uxqd,2013-10-25,12:59:40.451,53.85633,0.881,-8.82319,1.115,0.0,0.525,75.6,42,1.46
309,dias2013uxso,2013-10-25,14:13:21.127,54.37045,0.872,-7.7151,1.357,0.0,0.474,71.8,36,0.92
310,dias2013uxsr,2013-10-25,14:17:11.623,55.05252,2.405,-6.78178,1.175,0.0,0.405,155.1,32,1.21
311,dias2013vddj,2013-10-28,13:21:52.432,54.41151,1.555,-5.91915,1.13,0.0,0.441,93.0,25,1.11
312,dias2013vdfn,2013-10-28,14:27:26.149,54.95106,2.19,-6.58333,1.326,0.0,0.501,135.3,21,1.11
313,dias2013veuf,2013-10-29,11:00:29.194,54.67746,1.485,-6.04826,1.331,0.0,0.649,72.5,23,1.44
314,dias2013veyc,2013-10-29,12:58:24.461,54.89924,2.25,-6.17377,1.191,0.0,0.561,81.9,25,1.33
315,dias2013vgws,2013-10-30,14:32:02.759,53.69784,1.006,-6.39022,1.434,0.0,0.546,103.3,35,1.35
316,dias2013vioc,2013-10-31,12:27:55.908,52.58319,1.364,-9.05023,1.716,0.0,0.563,117.8,22,1.33
317,dias2013viov,2013-10-31,12:50:12.497,54.98153,1.732,-7.88222,1.223,0.0,0.538,113.8,30,0.88
319,dias2013vitb,2013-10-31,14:58:31.756,53.41037,1.079,-6.30225,1.514,0.0,0.598,54.7,31,1.31
320,dias2013vkhs,2013-11-01,11:30:05.917,53.2114,1.886,-6.40935,1.275,0.0,0.474,92.3,20,1.01
321,dias2013vkir,2013-11-01,11:59:31.136,53.48634,1.115,-8.97572,1.313,0.0,0.344,106.2,30,1.37
322,dias2013vkkd,2013-11-01,12:44:20.866,53.20808,1.16,-6.91196,0.871,0.0,0.433,67.1,37,1.36
323,dias2013vkmf,2013-11-01,13:46:43.091,53.44511,0.989,-6.84192,1.184,0.0,0.516,58.4,33,1.19
324,dias2013vkos,2013-11-01,15:03:14.310,53.49918,1.214,-6.81687,1.408,0.0,0.493,73.5,27,1.02
325,dias2013vpuu,2013-11-04,11:47:12.044,54.23025,0.696,-8.22924,1.43,0.0,0.404,75.8,55,0.99
327,dias2013vpxi,2013-11-04,13:04:55.769,53.89734,0.919,-9.21388,1.614,0.0,0.496,167.7,44,1.27
329,dias2013vpyr,2013-11-04,13:45:13.153,53.67223,1.003,-6.40671,1.569,0.0,0.457,105.2,34,1.16
331,dias2013vrxf,2013-11-05,15:17:31.562,52.51403,1.496,-8.83349,1.716,0.0,0.393,103.4,21,1.25
334,dias2013vtpf,2013-11-06,13:31:33.033,53.30481,1.22,-8.885,1.203,0.0,0.448,63.4,35,1.47
335,dias2013vtse,2013-11-06,15:01:30.451,53.44823,1.156,-6.17731,1.488,0.0,0.44,89.0,32,1.38
336,dias2013vtsn,2013-11-06,15:11:40.233,52.77333,1.2,-8.01418,1.117,0.0,0.385,66.4,30,1.33
338,dias2013vvjl,2013-11-07,12:53:11.240,52.77167,0.707,-6.93183,0.707,0.0,0.5,99.0,15,0.94
339,dias2013vvkf,2013-11-07,13:15:45.564,52.89634,1.55,-9.06125,1.769,0.0,0.569,122.7,16,1.28
340,dias2013wcqc,2013-11-11,12:11:14.368,52.47176,1.488,-7.97158,1.282,0.0,0.389,97.3,22,1.17
342,dias2013wcvh,2013-11-11,14:49:18.710,54.21888,0.962,-7.66206,1.852,0.0,0.355,95.9,27,1.14
343,dias2013welj,2013-11-12,12:04:15.682,52.90818,1.239,-6.18959,1.562,0.0,0.33,124.5,29,0.79
344,dias2013wemg,2013-11-12,12:30:54.331,52.47195,2.052,-6.55871,2.059,0.0,0.26,176.4,20,1.01
345,dias2013weob,2013-11-12,13:26:13.348,53.96486,1.117,-6.86934,1.923,0.0,0.518,97.7,23,1.01
346,dias2013werf,2013-11-12,15:01:20.444,53.42878,1.049,-7.13848,1.152,0.0,0.454,94.4,31,1.21
348,dias2013wgkv,2013-11-13,14:04:46.042,53.68672,1.168,-6.38188,1.744,0.0,0.283,63.8,22,1.3
349,dias2013wifx,2013-11-14,13:51:44.609,54.38112,1.324,-7.4033,1.773,0.0,0.54,83.3,22,1.29
350,dias2013wiif,2013-11-14,15:01:07.660,53.45793,2.472,-6.1985,3.596,0.0,0.471,174.8,20,0.81
351,dias2013wjzr,2013-11-15,12:59:19.895,53.85423,1.032,-8.81474,1.568,0.0,0.507,142.5,29,1.21
353,dias2013wpkw,2013-11-18,12:19:10.165,54.18093,0.981,-7.70254,1.789,0.0,0.522,91.2,31,1.12
354,dias2013wpqi,2013-11-18,15:04:22.450,52.71327,1.397,-8.84638,1.402,0.0,0.476,85.9,18,1.05
355,dias2013wpqp,2013-11-18,15:12:17.202,53.12843,1.408,-7.89711,0.992,0.0,0.371,62.7,29,1.3
356,dias2013wrig,2013-11-19,13:16:15.426,54.80481,2.67,-6.06264,1.114,0.0,0.59,147.6,22,1.02
357,dias2013wrko,2013-11-19,14:26:21.216,54.53154,1.19,-7.63155,1.635,0.0,0.455,100.8,31,0.83
358,dias2013wrkz,2013-11-19,14:38:30.673,52.33208,1.313,-9.74978,2.073,0.0,0.57,137.2,20,1.17
359,dias2013wtfm,2013-11-20,14:08:43.049,53.69257,1.716,-6.41515,1.922,0.0,0.554,104.3,14,1.08
360,dias2013wtfz,2013-11-20,14:24:05.072,51.80382,1.871,-8.45369,1.558,0.0,0.348,136.3,18,1.38
361,dias2013wtgf,2013-11-20,14:30:58.673,53.21676,1.663,-6.86673,1.02,0.0,0.554,90.0,22,1.17
362,dias2013wvbw,2013-11-21,14:35:22.902,52.19566,1.203,-8.83961,1.407,0.0,0.49,76.8,23,1.3
363,dias2013wvdc,2013-11-21,15:12:48.148,53.32265,1.023,-9.02714,0.954,0.0,0.666,77.6,47,1.62
368,dias2013xchx,2013-11-25,13:35:50.420,55.08401,2.772,-6.73484,1.116,0.0,0.577,163.8,38,0.91
369,dias2013xcjl,2013-11-25,14:21:27.488,54.32241,1.084,-6.56521,1.549,0.0,0.688,105.5,33,0.99
370,dias2013xcks,2013-11-25,15:00:53.432,53.50595,0.916,-8.96166,1.047,0.0,0.483,118.0,45,1.22
371,dias2013xeap,2013-11-26,12:10:01.252,53.18011,1.467,-8.23026,0.989,0.0,0.395,68.4,30,0.94
372,dias2013xeaw,2013-11-26,12:18:51.713,52.80646,2.061,-6.97373,1.649,0.0,0.592,105.2,12,0.62
373,dias2013xefi,2013-11-26,14:33:18.347,53.87024,1.348,-9.28732,2.324,0.0,0.562,171.6,23,1.16
374,dias2013xegg,2013-11-26,15:01:47.125,53.43656,0.909,-7.15431,0.935,0.0,0.441,87.1,47,1.19
381,dias2013xhzi,2013-11-28,16:04:13.354,52.64301,1.46,-8.75473,1.488,0.0,0.531,116.4,20,0.97
387,dias2013xrbz,2013-12-03,15:37:55.024,52.31065,1.242,-8.43267,1.258,0.0,0.454,67.1,28,1.24
398,dias2013ybxw,2013-12-09,14:03:30.917,54.283,0.953,-7.4521,1.734,0.0,0.513,83.3,32,1.34
402,dias2013ydre,2013-12-10,12:56:18.545,52.56012,1.278,-9.06374,1.2,0.0,0.555,97.1,35,1.57
405,dias2013yhgi,2013-12-12,12:00:31.205,54.82022,3.013,-5.90432,1.487,0.0,0.455,149.1,13,0.79
408,dias2013yjco,2013-12-13,12:22:11.057,53.16269,1.688,-7.04699,1.352,0.0,0.461,91.6,17,1.0
409,dias2013yjgv,2013-12-13,14:32:18.075,53.31353,1.081,-6.39907,1.014,0.0,0.549,52.3,37,1.54
410,dias2013yjjb,2013-12-13,15:39:29.665,52.77528,1.539,-6.92071,1.608,0.0,0.391,65.9,17,0.95
414,dias2013youv,2013-12-16,15:16:38.786,52.68685,2.426,-7.68438,1.572,0.0,0.448,169.6,13,1.04
416,dias2013yqld,2013-12-17,12:40:08.231,53.6925,1.355,-6.33942,1.651,0.0,0.501,97.7,24,0.84
418,dias2013yqpv,2013-12-17,15:01:52.707,53.4286,1.84,-7.13409,2.938,0.0,0.402,184.7,11,0.65
419,dias2013yugn,2013-12-19,14:52:38.045,54.55046,1.25,-7.52724,1.546,0.0,0.687,84.2,31,1.1
420,dias2013yvyj,2013-12-20,13:01:35.320,52.65767,1.131,-6.3155,1.131,0.0,0.42,163.0,18,1.08
558,dias2014glbt,2014-04-02,10:35:09.605,54.82285,3.132,-5.88577,1.495,0.0,0.447,153.2,13,1.29
563,dias2014gmxv,2014-04-03,10:53:08.609,53.22145,2.04,-6.42091,1.81,0.0,0.387,95.4,15,0.71
565,dias2014gnas,2014-04-03,12:20:07.582,51.9099,2.61,-10.07899,1.92,0.0,0.443,191.3,17,1.11
566,dias2014gnbf,2014-04-03,12:35:12.448,55.08764,8.745,-6.80229,1.579,0.0,0.531,164.9,11,0.62
568,dias2014gote,2014-04-04,10:48:24.192,51.97051,1.711,-10.19241,1.919,0.0,0.761,141.8,22,1.25
579,dias2014guku,2014-04-07,13:22:52.570,54.49372,1.33,-7.19244,1.976,0.0,0.36,127.8,22,0.98
581,dias2014gunk,2014-04-07,14:42:35.697,53.49813,1.049,-8.97246,1.147,0.0,0.638,69.9,31,1.39
584,dias2014gwgf,2014-04-08,13:21:05.190,52.70427,1.563,-7.69538,1.287,0.0,0.512,43.6,19,1.07
585,dias2014gwhx,2014-04-08,14:12:11.081,53.49431,1.397,-6.81824,1.804,0.0,0.376,74.0,19,0.85
586,dias2014gwin,2014-04-08,14:31:04.807,52.46093,1.482,-8.72878,1.834,0.0,0.534,123.0,17,1.14
587,dias2014gxxm,2014-04-09,11:11:57.449,52.56673,1.167,-9.04179,1.178,0.0,0.719,91.7,31,1.41
590,dias2014gyah,2014-04-09,12:37:51.873,53.4854,1.671,-6.88284,2.405,0.0,0.557,144.8,12,0.81
594,dias2014gzwc,2014-04-10,12:47:01.192,54.42282,1.827,-5.88822,1.265,0.0,0.266,92.6,22,0.99
597,dias2014gzyr,2014-04-10,14:05:23.766,52.50317,1.298,-8.82467,1.293,0.0,0.596,75.8,24,1.08
600,dias2014hbqe,2014-04-11,12:03:49.504,54.37262,1.32,-7.7168,1.9,0.0,0.461,100.8,17,0.91
606,dias2014hhfs,2014-04-14,13:35:29.980,54.50539,1.46,-5.86626,1.062,0.0,0.616,80.1,31,1.13
609,dias2014hivc,2014-04-15,10:30:20.713,53.76284,1.36,-7.32945,1.598,0.0,0.368,90.5,19,1.01
614,dias2014hkrq,2014-04-16,11:01:03.857,54.18845,1.257,-9.22065,1.96,0.0,0.537,116.8,23,1.2
620,dias2014hmoa,2014-04-17,11:28:15.767,53.18732,2.421,-6.54373,1.899,0.0,0.657,147.9,11,0.51
621,dias2014hmoe,2014-04-17,11:32:10.451,52.19557,1.585,-8.81655,1.9,0.0,0.456,101.5,13,0.99
623,dias2014hmtf,2014-04-17,14:04:56.164,53.40409,1.15,-6.29324,1.376,0.0,0.584,65.2,28,1.21
629,dias2014hvwu,2014-04-22,14:07:46.773,52.35575,1.733,-9.74314,2.24,0.0,0.393,155.0,14,0.9
631,dias2014hxkf,2014-04-23,10:02:15.637,52.21348,1.759,-8.72528,1.579,0.0,0.626,100.4,15,1.06
632,dias2014hxnj,2014-04-23,11:38:08.440,54.40575,1.571,-6.0617,1.518,0.0,0.33,72.5,17,0.74
635,dias2014hxpb,2014-04-23,12:29:18.578,55.17038,6.757,-6.30695,1.654,0.0,0.385,195.1,18,1.07
640,dias2014hzln,2014-04-24,12:58:44.892,54.81812,2.037,-6.61808,1.725,0.0,0.296,145.0,22,0.89
653,dias2014igre,2014-04-28,11:46:56.605,54.63351,2.162,-5.73839,1.403,0.0,0.404,101.1,21,0.79
658,dias2014iilk,2014-04-29,11:08:18.455,52.33604,2.074,-6.9367,1.733,0.0,0.35,170.7,16,1.04
662,dias2014iitq,2014-04-29,15:18:02.766,53.81225,0.762,-8.03233,1.256,0.0,0.278,56.5,47,1.17
678,dias2014ivei,2014-05-06,10:20:04.706,54.80697,3.094,-5.90979,1.518,0.0,0.406,161.4,14,1.02
679,dias2014ivim,2014-05-06,12:25:08.349,54.61431,2.625,-5.76424,1.695,0.0,0.426,127.6,9,0.98
681,dias2014ivkb,2014-05-06,13:13:03.184,54.38911,1.246,-7.40741,1.587,0.0,0.559,79.6,23,1.19
685,dias2014ixdp,2014-05-07,12:13:21.035,54.67039,4.579,-6.79218,2.146,0.0,0.326,202.7,9,0.56
687,dias2014ixhk,2014-05-07,14:08:57.614,53.7076,1.047,-6.56525,1.145,0.0,0.429,48.1,34,1.25
688,dias2014iyxo,2014-05-08,11:27:09.790,54.63488,2.675,-6.77543,2.934,0.0,0.171,170.8,7,0.65
689,dias2014iyzq,2014-05-08,12:30:09.045,53.51024,1.814,-10.05044,3.756,0.0,0.732,249.4,18,1.38
691,dias2014izbn,2014-05-08,13:27:27.551,54.36683,0.951,-7.7032,1.375,0.0,0.395,72.3,35,1.24
693,dias2014jatp,2014-05-09,11:42:55.445,52.56895,1.494,-9.04035,1.367,0.0,0.505,91.4,20,1.26
703,dias2014jiby,2014-05-13,11:53:38.408,54.80712,3.967,-5.85118,2.675,0.0,0.444,160.6,8,0.71
706,dias2014jigs,2014-05-13,14:17:57.969,54.43972,2.123,-5.80723,1.203,0.0,0.52,120.8,22,1.2
709,dias2014jjzb,2014-05-14,12:42:15.897,54.21285,1.043,-7.65787,1.473,0.0,0.316,53.2,27,1.04
722,dias2014jphv,2014-05-17,10:49:11.493,54.2296,1.162,-8.23561,1.874,0.0,0.307,86.6,22,1.08
724,dias2014jtcq,2014-05-19,12:44:35.344,54.59201,3.782,-7.05503,1.846,0.0,0.23,206.0,14,0.77
726,dias2014jtcv,2014-05-19,12:50:37.161,53.94407,1.197,-6.72199,1.849,0.0,0.361,110.0,22,0.93
738,dias2014jysr,2014-05-22,14:30:45.993,54.98595,5.07,-6.81589,1.437,0.0,0.451,143.2,10,0.66
740,dias2014kaji,2014-05-23,12:03:45.748,54.61431,2.305,-5.75581,1.502,0.0,0.449,102.9,13,0.91
741,dias2014kajl,2014-05-23,12:07:37.003,54.62548,2.115,-6.75909,1.689,0.0,0.419,107.5,12,0.92
745,dias2014khtg,2014-05-27,13:02:45.365,54.35557,1.903,-6.21636,1.396,0.0,0.267,121.1,20,0.86
749,dias2014kjre,2014-05-28,14:15:46.144,54.34736,2.511,-6.20157,1.454,0.0,0.326,145.7,17,0.75
757,dias2014knfs,2014-05-30,13:00:49.850,54.19683,0.976,-9.23727,1.544,0.0,0.461,117.8,41,1.5
759,dias2014kngt,2014-05-30,13:32:16.942,53.30853,1.203,-6.38521,1.029,0.0,0.482,61.3,33,1.23
760,dias2014ksph,2014-06-02,11:31:58.758,52.65448,1.087,-8.23984,1.052,0.0,0.346,50.2,36,1.39
761,dias2014ksrc,2014-06-02,12:26:52.106,54.82423,1.754,-6.04992,1.032,0.0,0.654,79.7,33,1.3
762,dias2014ksuf,2014-06-02,14:01:36.667,54.56535,1.47,-5.80346,1.271,0.0,0.522,81.1,29,1.02
763,dias2014ksvd,2014-06-02,14:28:29.477,54.30567,0.648,-7.83515,1.119,0.0,0.392,57.6,62,1.26
764,dias2014kuoi,2014-06-03,13:19:00.481,54.42882,1.873,-5.78787,1.454,0.0,0.514,93.8,14,0.94
772,dias2014kwms,2014-06-04,14:46:44.342,54.72009,2.203,-6.8399,1.789,0.0,0.581,137.9,18,0.83
773,dias2014kyax,2014-06-05,11:04:26.547,54.411,1.352,-6.05599,1.406,0.0,0.394,83.6,32,1.06
774,dias2014kybc,2014-06-05,11:10:49.141,54.17714,1.048,-7.69194,1.423,0.0,0.736,82.7,30,1.01
783,dias2014lfkw,2014-06-09,12:04:04.197,54.80085,1.859,-5.90134,1.122,0.0,0.479,93.5,25,1.09
784,dias2014lfkz,2014-06-09,12:07:31.099,54.96724,1.104,-7.86918,0.976,0.0,0.356,62.0,45,0.89
786,dias2014lfll,2014-06-09,12:21:46.503,54.98192,1.14,-7.70732,1.028,0.0,0.495,72.4,36,0.88
788,dias2014lfop,2014-06-09,13:56:32.268,54.3793,2.59,-6.64817,1.524,0.0,0.372,126.0,23,0.83
791,dias2014ljcw,2014-06-11,12:34:07.486,54.61617,2.099,-5.7379,1.326,0.0,0.446,102.7,17,0.78
793,dias2014ljds,2014-06-11,12:59:32.289,54.18,0.91,-7.62997,1.444,0.0,0.341,56.8,34,0.78
795,dias2014llbm,2014-06-12,14:08:31.139,54.51982,0.986,-7.64193,1.405,0.0,0.381,87.9,32,0.85
797,dias2014lmuw,2014-06-13,13:04:38.580,54.26247,0.992,-6.7384,1.149,0.0,0.383,72.9,46,1.0
801,dias2014lwfn,2014-06-18,16:40:05.734,52.43528,1.911,-8.74221,1.47,0.0,0.467,88.0,19,0.76
804,dias2014lxxt,2014-06-19,15:01:20.565,52.64675,1.29,-8.73244,1.66,0.0,0.46,100.4,19,0.96
806,dias2014meyk,2014-06-23,11:18:30.020,54.62343,2.217,-5.78186,1.518,0.0,0.41,101.9,15,0.9
807,dias2014mfak,2014-06-23,12:18:31.634,54.3055,0.867,-8.1406,1.27,0.0,0.565,64.9,38,1.2
811,dias2014mgrr,2014-06-24,10:10:01.161,53.10595,1.096,-8.78796,1.37,0.0,0.483,83.4,31,1.1
812,dias2014mgsn,2014-06-24,10:35:38.937,54.40411,1.637,-6.09383,1.331,0.0,0.255,89.8,34,1.26
813,dias2014mgtm,2014-06-24,11:04:55.346,54.37796,3.383,-6.64136,2.047,0.0,0.328,203.5,14,0.69
816,dias2014mgzg,2014-06-24,14:00:44.336,53.43082,0.932,-7.15408,1.179,0.0,0.448,91.6,39,1.0
821,dias2014mkqq,2014-06-26,14:12:02.919,54.28179,1.01,-7.43908,1.406,0.0,0.513,86.5,30,0.96
822,dias2014mksh,2014-06-26,15:01:34.179,52.64466,1.082,-8.71264,1.473,0.0,0.282,99.3,32,1.22
828,dias2014mrvp,2014-06-30,12:38:54.518,54.31758,1.296,-6.61161,1.282,0.0,0.445,79.7,28,0.82
832,dias2014mtlz,2014-07-01,10:03:49.072,54.82339,2.029,-6.07173,1.154,0.0,0.334,91.2,38,0.99
833,dias2014mtqu,2014-07-01,12:29:51.043,53.70186,1.359,-6.36135,1.769,0.0,0.532,113.9,17,0.99
837,dias2014mtxb,2014-07-01,15:40:14.571,52.33166,1.539,-9.76014,2.06,0.0,0.849,154.5,23,1.17
838,dias2014mvjc,2014-07-02,10:52:31.868,52.2159,1.455,-8.33032,1.611,0.0,0.414,78.7,17,1.06
839,dias2014mvmo,2014-07-02,12:37:17.260,54.79717,1.131,-6.5925,1.131,0.0,0.24,94.0,13,1.29
840,dias2014mvng,2014-07-02,12:58:35.200,54.21797,1.173,-7.65818,1.616,0.0,0.335,68.3,22,1.11
841,dias2014mvqo,2014-07-02,14:39:33.626,53.80885,1.371,-6.34845,1.925,0.0,0.54,113.6,20,1.19
844,dias2014mzal,2014-07-04,11:03:19.332,54.17524,0.929,-7.72738,1.622,0.0,0.446,96.8,36,1.07
845,dias2014mzcb,2014-07-04,11:52:02.022,54.59427,0.726,-7.51927,1.13,0.0,0.402,94.5,57,1.29
848,dias2014nerw,2014-07-07,13:32:30.424,54.73466,2.843,-7.46262,1.671,0.0,0.39,208.1,17,0.32
849,dias2014neuz,2014-07-07,15:06:21.059,53.95053,1.134,-6.73479,1.565,0.0,0.362,85.1,25,1.08
850,dias2014ngil,2014-07-08,11:02:20.242,52.90345,1.949,-6.18899,5.748,0.0,0.457,226.1,14,0.56
851,dias2014ngjt,2014-07-08,11:43:02.378,54.63213,1.468,-6.7932,1.84,0.0,0.463,148.2,21,0.98
861,dias2014nlty,2014-07-11,10:32:12.606,54.21736,1.096,-8.23008,1.659,0.0,0.536,77.6,29,0.84
862,dias2014nlum,2014-07-11,10:48:13.972,54.60998,2.716,-5.78449,1.55,0.0,0.442,103.2,13,0.75
864,dias2014nlyd,2014-07-11,12:38:58.831,54.36945,1.901,-6.20323,1.363,0.0,0.503,120.1,17,0.64
866,dias2014nrod,2014-07-14,14:24:44.910,54.98304,1.201,-7.70557,1.066,0.0,0.394,81.8,38,1.33
868,dias2014ntfc,2014-07-15,12:07:37.872,53.23127,1.213,-6.4042,1.043,0.0,0.707,78.9,35,1.26
869,dias2014ntgb,2014-07-15,12:36:38.808,53.70031,1.133,-6.37823,1.45,0.0,0.521,69.0,30,1.32
870,dias2014ntgx,2014-07-15,13:02:19.241,54.61453,1.465,-6.76731,1.203,0.0,0.424,85.6,28,0.95
871,dias2014nthl,2014-07-15,13:18:35.428,54.62431,1.337,-6.78257,1.306,0.0,0.445,82.7,30,1.13
872,dias2014ntiv,2014-07-15,14:00:52.701,53.43655,0.927,-7.15215,1.041,0.0,0.601,66.8,42,1.2
873,dias2014nvau,2014-07-16,12:12:48.331,53.49292,0.881,-6.81776,1.196,0.0,0.485,73.8,45,1.4
874,dias2014nvcb,2014-07-16,12:51:19.829,51.84955,1.462,-8.78243,1.702,0.0,0.378,85.8,15,1.02
879,dias2014nypa,2014-07-18,10:49:19.227,52.56826,1.188,-7.72045,1.443,0.0,0.626,62.2,24,0.99
888,dias2014ohxw,2014-07-23,13:30:15.516,53.86561,1.119,-9.28839,2.105,0.0,0.393,124.3,34,1.17
891,dias2014oias,2014-07-23,14:56:43.224,51.81647,1.834,-8.99669,1.885,0.0,0.65,131.8,14,0.85
894,dias2014ojnr,2014-07-24,10:38:03.549,52.66655,1.048,-9.32667,1.675,0.0,0.432,139.7,34,1.38
895,dias2014ojuq,2014-07-24,14:09:01.869,54.23718,0.739,-7.40215,1.137,0.0,0.363,52.1,58,1.31
897,dias2014ollz,2014-07-25,12:02:58.948,54.3212,0.984,-8.22442,1.508,0.0,0.412,78.8,43,1.07
901,dias2014orcu,2014-07-28,14:13:37.437,54.6221,2.148,-5.76382,1.399,0.0,0.506,102.1,16,1.06
908,dias2014oyio,2014-08-01,13:04:50.982,52.57249,0.97,-9.07567,1.47,0.0,0.421,119.1,39,1.58
909,dias2014oyji,2014-08-01,13:28:52.416,54.12234,0.838,-7.25065,1.1,0.0,0.358,49.2,48,0.98
922,dias2014phjb,2014-08-06,11:33:35.863,54.33891,2.047,-5.86677,1.647,0.0,0.255,126.4,14,0.65
923,dias2014phkb,2014-08-06,12:03:55.412,54.37923,1.738,-6.66106,1.727,0.0,0.262,124.2,19,0.87
924,dias2014phkq,2014-08-06,12:22:04.835,54.83046,1.215,-6.20406,0.952,0.0,0.379,74.3,47,1.46
928,dias2014pjjo,2014-08-07,14:05:33.942,54.42516,1.676,-7.45214,1.51,0.0,0.335,111.2,24,0.93
934,dias2014pqmo,2014-08-11,11:33:01.716,54.99023,2.846,-5.94581,2.431,0.0,0.52,177.4,11,0.98
936,dias2014pqmt,2014-08-11,11:39:07.137,55.0265,2.826,-6.29678,1.326,0.0,0.407,147.7,14,0.64
937,dias2014pqnz,2014-08-11,12:16:48.029,53.21789,0.986,-6.9231,0.963,0.0,0.489,65.6,39,1.42
940,dias2014pshs,2014-08-12,11:22:46.678,54.1806,1.399,-9.87249,1.693,0.0,0.505,142.3,37,1.45
941,dias2014psjp,2014-08-12,12:19:58.131,54.50122,1.992,-5.8022,1.387,0.0,0.286,105.7,15,0.8
942,dias2014psju,2014-08-12,12:26:07.385,54.48969,1.477,-5.78993,1.235,0.0,0.326,82.3,23,1.13
948,dias2014pufj,2014-08-13,12:27:55.667,54.19034,2.049,-6.19454,2.658,0.0,0.314,122.1,9,0.45
949,dias2014pufr,2014-08-13,12:37:18.434,54.18642,1.713,-6.19408,2.037,0.0,0.401,109.0,13,0.65
950,dias2014puhz,2014-08-13,13:47:25.628,53.68355,1.106,-6.36987,1.577,0.0,0.525,117.2,26,1.07
951,dias2014pvyp,2014-08-14,11:18:50.235,54.39819,1.044,-6.07478,1.191,0.0,0.349,84.1,42,1.35
958,dias2014pxvv,2014-08-15,12:12:04.375,52.65309,1.812,-6.30345,1.978,0.0,0.33,165.7,23,1.19
962,dias2014pxxo,2014-08-15,13:04:19.627,55.04591,1.98,-6.79131,1.009,0.0,0.356,152.7,35,1.38
965,dias2014qdjt,2014-08-18,12:54:24.029,54.99194,6.932,-6.82838,1.352,0.0,0.327,168.9,13,0.86
969,dias2014qfhl,2014-08-19,14:00:22.090,54.57651,1.802,-7.02715,1.642,0.0,0.486,97.5,20,0.96
974,dias2014qhgf,2014-08-20,15:39:59.979,54.11044,0.728,-8.1838,1.058,0.0,0.455,44.2,50,1.31
980,dias2014qizx,2014-08-21,14:44:43.810,55.01217,0.424,-8.29667,0.424,0.0,0.12,240.0,18,0.87
984,dias2014qkod,2014-08-22,11:03:55.914,54.26907,1.097,-6.59663,1.557,0.0,0.433,57.9,28,1.18
987,dias2014qkys,2014-08-22,16:25:07.752,52.87571,1.084,-8.69587,1.657,0.0,0.476,136.0,23,0.94
990,dias2014qruz,2014-08-26,10:29:31.519,54.5405,0.849,-8.066,0.849,0.0,0.32,170.0,16,0.65
993,dias2014qsae,2014-08-26,13:07:05.159,54.369,1.751,-6.2385,1.734,0.0,0.284,102.1,14,0.55
995,dias2014qsca,2014-08-26,14:02:39.067,53.42712,0.93,-7.15664,1.017,0.0,0.507,72.3,39,1.23
996,dias2014qtpl,2014-08-27,09:57:20.665,53.21658,1.326,-6.40482,1.282,0.0,0.577,90.2,21,1.25
997,dias2014qtrk,2014-08-27,10:56:45.392,51.85469,1.209,-8.79151,1.909,0.0,0.421,111.2,18,1.29
1001,dias2014qvmg,2014-08-28,10:36:32.370,54.85925,2.132,-5.89366,1.475,0.0,0.558,118.0,16,0.89
1005,dias2014qvsi,2014-08-28,13:40:56.170,54.60817,0.849,-5.76467,0.849,0.0,0.51,93.0,14,0.99
1006,dias2014qvsj,2014-08-28,13:42:26.535,54.61255,1.967,-5.76158,1.509,0.0,0.324,93.8,13,0.93
1007,dias2014qxkm,2014-08-29,11:59:40.266,53.85685,1.016,-8.82251,1.246,0.0,0.559,77.8,37,1.55
1009,dias2014qxnn,2014-08-29,13:31:35.283,54.62154,2.017,-6.76401,1.562,0.0,0.345,126.6,17,0.99
1013,dias2014rcxl,2014-09-01,12:13:40.866,52.65096,1.462,-6.32387,1.771,0.0,0.469,143.4,34,1.3
1021,dias2014rglk,2014-09-03,10:40:59.349,54.51023,1.663,-5.91296,1.665,0.0,0.386,83.0,15,0.69
1022,dias2014rgmd,2014-09-03,11:03:00.117,52.56779,1.266,-7.72102,1.324,0.0,0.521,93.0,28,1.02
1025,dias2014rgrd,2014-09-03,13:34:23.599,53.41612,1.418,-9.2633,1.477,0.0,0.563,139.3,33,1.33
1034,dias2014rkfa,2014-09-05,12:00:11.807,52.6135,0.97,-7.83215,1.057,0.0,0.45,55.0,40,1.28
1037,dias2014rkia,2014-09-05,13:31:50.280,53.276,1.485,-6.3745,1.485,0.0,0.68,42.0,25,1.47
1038,dias2014rlvo,2014-09-06,09:29:25.771,52.35165,1.588,-7.08338,1.399,0.0,0.345,147.3,22,1.14
1046,dias2014rrqj,2014-09-09,13:41:22.334,52.34875,1.184,-9.74944,1.923,0.0,0.591,155.0,29,1.28
1057,dias2014rvce,2014-09-11,11:03:25.348,54.1955,1.015,-9.26164,1.601,0.0,0.453,118.2,34,1.3
1058,dias2014rvee,2014-09-11,12:04:42.025,54.50015,1.326,-5.88928,1.376,0.0,0.486,80.2,22,0.96
1066,dias2014rxcg,2014-09-12,13:22:42.043,53.80939,1.096,-9.31628,1.995,0.0,0.423,130.9,31,1.15
1072,dias2014scnm,2014-09-15,12:44:03.575,54.83307,2.21,-6.61966,1.264,0.0,0.441,104.8,22,0.9
1076,dias2014seln,2014-09-16,14:00:46.599,53.42665,0.77,-7.15229,0.963,0.0,0.52,66.0,53,1.13
1079,dias2014sgea,2014-09-17,12:29:13.755,53.49219,0.977,-6.82219,1.123,0.0,0.512,69.0,39,1.17
1081,dias2014sgnf,2014-09-17,17:08:00.231,52.87166,1.202,-8.69244,1.352,0.0,0.43,62.9,25,1.2
1087,dias2014shyd,2014-09-18,11:47:13.562,54.9744,2.108,-5.99403,1.342,0.0,0.547,129.5,26,1.08
1091,dias2014sien,2014-09-18,15:01:19.400,52.64725,0.949,-8.71426,1.14,0.0,0.411,58.7,38,1.46
1092,dias2014sjtb,2014-09-19,11:30:10.906,54.42126,1.697,-5.94012,1.484,0.0,0.423,109.9,16,0.8
1096,dias2014sjxg,2014-09-19,13:37:28.010,51.97509,1.767,-10.18196,1.883,0.0,0.552,151.3,21,1.32
1100,dias2014spor,2014-09-22,16:06:20.061,52.84982,1.006,-7.69693,0.989,0.0,0.444,37.1,38,1.25
1106,dias2014sreb,2014-09-23,13:00:30.779,51.85306,1.121,-8.7796,1.332,0.0,0.408,85.5,29,1.42
1109,dias2014ssxy,2014-09-24,12:10:52.995,54.31413,1.671,-6.61674,2.04,0.0,0.227,93.1,21,0.85
1110,dias2014ssyb,2014-09-24,12:15:20.428,55.08656,2.837,-6.73891,1.317,0.0,0.501,166.1,26,0.88
1122,dias2014tbzy,2014-09-29,11:25:26.200,54.57515,1.785,-5.78304,1.774,0.0,0.528,133.7,15,1.0
1128,dias2014tdwj,2014-09-30,11:52:48.550,52.73452,0.962,-8.63685,1.248,0.0,0.477,95.6,38,1.43
1131,dias2014teas,2014-09-30,14:05:37.505,52.29278,1.602,-7.14633,1.453,0.0,0.474,165.5,28,1.37
1135,dias2014tfpw,2014-10-01,10:52:36.079,54.52324,1.843,-5.90135,1.976,0.0,0.457,120.2,11,0.85
1138,dias2014tfup,2014-10-01,13:16:15.040,54.52139,0.965,-7.65826,1.511,0.0,0.43,108.2,31,1.2
1142,dias2014thky,2014-10-02,10:39:38.805,55.24442,4.865,-7.20236,1.633,0.0,0.457,212.6,13,0.58
1143,dias2014thnx,2014-10-02,12:09:24.112,54.82626,2.187,-5.91127,1.836,0.0,0.567,121.2,14,1.08
1148,dias2014tjim,2014-10-03,11:41:03.012,54.98859,2.596,-6.83305,1.204,0.0,0.274,135.6,24,0.97
1150,dias2014tjjw,2014-10-03,12:23:39.856,54.62766,2.179,-6.75415,2.895,0.0,0.447,201.8,18,0.96
1153,dias2014tove,2014-10-06,11:47:24.760,54.9145,2.067,-6.30967,1.562,0.0,0.409,100.5,17,0.82
1157,dias2014tozv,2014-10-06,14:08:27.067,54.13559,1.571,-9.72508,1.702,0.0,0.341,135.5,30,1.27
1159,dias2014tpcm,2014-10-06,15:28:56.713,53.41804,1.523,-8.14201,1.339,0.0,0.375,50.4,21,0.99
1161,dias2014tqts,2014-10-07,13:19:31.729,54.35418,1.499,-6.24056,1.592,0.0,0.82,89.4,27,0.7
1167,dias2014tujc,2014-10-09,12:29:16.875,54.5995,0.799,-8.07464,1.14,0.0,0.313,92.3,51,1.12
1170,dias2014tulm,2014-10-09,13:42:24.996,54.49857,2.487,-5.95171,1.79,0.0,0.264,99.9,17,0.87
1171,dias2014twem,2014-10-10,12:26:12.029,54.49438,1.687,-5.87776,1.542,0.0,0.352,119.2,24,0.84
1178,dias2014ubqy,2014-10-13,12:25:06.497,54.49752,1.419,-5.93602,1.316,0.0,0.484,95.4,28,0.93
1180,dias2014ubrh,2014-10-13,12:35:45.884,52.76394,1.631,-6.13159,1.512,0.0,0.365,149.0,30,1.43
1181,dias2014udln,2014-10-14,11:56:11.941,54.81251,2.234,-5.89339,2.148,0.0,0.658,149.8,10,0.83
1182,dias2014udqm,2014-10-14,14:26:52.243,54.60443,1.852,-5.77843,1.687,0.0,0.522,111.2,19,1.0
1184,dias2014uflo,2014-10-15,14:14:06.165,54.24977,1.138,-7.39744,2.176,0.0,0.258,128.8,25,1.24
1185,dias2014ufom,2014-10-15,15:42:37.313,52.65858,3.542,-6.30707,2.739,0.0,0.332,264.8,19,1.34
1187,dias2014ugzn,2014-10-16,10:25:05.467,53.26945,1.874,-6.49294,1.343,0.0,0.559,117.1,16,0.62
1188,dias2014uhca,2014-10-16,11:40:49.256,54.31186,1.184,-6.59452,1.414,0.0,0.426,71.9,29,1.1
1189,dias2014uhez,2014-10-16,13:10:40.066,54.61768,1.706,-5.78459,1.366,0.0,0.485,92.7,23,1.09
1192,dias2014uiyb,2014-10-17,11:57:54.597,54.56552,1.914,-5.79667,2.044,0.0,0.341,131.7,10,1.01
1193,dias2014uiyf,2014-10-17,12:01:40.155,53.86347,1.129,-8.82033,1.655,0.0,0.589,103.8,22,1.19
1196,dias2014uomc,2014-10-20,12:44:16.201,54.23136,1.39,-7.60686,1.608,0.0,0.441,94.6,20,0.94
1201,dias2014useg,2014-10-22,13:19:11.782,54.89422,1.947,-6.97318,1.587,0.0,0.314,108.3,15,0.63
1203,dias2014ushl,2014-10-22,14:55:04.763,51.8203,1.648,-8.63185,1.769,0.0,0.605,115.3,14,1.06
1207,dias2014utzb,2014-10-23,12:57:15.141,53.42691,1.579,-8.94533,2.095,0.0,0.555,105.7,13,1.2
1211,dias2014uucm,2014-10-23,14:41:27.016,54.61068,1.518,-7.00263,1.554,0.0,0.581,79.3,20,0.97
1216,dias2014uvux,2014-10-24,13:08:30.119,53.68269,1.378,-6.34195,1.934,0.0,0.365,116.1,18,1.14
1220,dias2014vcxt,2014-10-28,10:31:59.318,53.08683,1.859,-8.77776,1.831,0.0,0.33,132.3,18,1.19
1221,dias2014vczq,2014-10-28,11:28:13.494,53.17914,2.561,-6.53376,1.979,0.0,0.423,107.7,11,0.49
1222,dias2014vdbq,2014-10-28,12:29:10.329,53.18631,2.088,-6.54594,1.67,0.0,0.378,109.4,17,0.72
1223,dias2014vdbz,2014-10-28,12:39:22.132,54.80911,2.224,-5.88778,2.084,0.0,0.559,150.0,11,0.9
1225,dias2014vddr,2014-10-28,13:30:35.226,54.45882,1.262,-7.26928,1.538,0.0,0.446,81.3,24,0.8
1227,dias2014veww,2014-10-29,12:20:42.921,54.43747,2.004,-5.80448,1.474,0.0,0.47,114.2,15,0.74
1229,dias2014vezs,2014-10-29,13:47:21.195,54.13835,1.633,-9.70883,1.985,0.0,0.634,132.7,16,1.08
1233,dias2014vguf,2014-10-30,13:17:03.111,54.39781,2.171,-6.66885,1.829,0.0,0.205,142.8,13,0.8
1235,dias2014vipd,2014-10-31,12:58:45.521,54.35822,1.752,-6.22555,1.695,0.0,0.333,100.8,15,0.48
1239,dias2014voat,2014-11-03,12:31:47.664,54.40728,1.56,-6.05622,2.011,0.0,0.536,129.5,15,0.93
1241,dias2014vpwy,2014-11-04,12:53:26.407,54.49079,1.857,-5.93167,1.595,0.0,0.314,101.7,15,0.68
1243,dias2014vqaf,2014-11-04,14:32:42.296,53.87073,1.363,-9.3052,2.655,0.0,0.495,205.1,22,1.33
1258,dias2014vvfu,2014-11-07,11:01:46.259,55.09243,2.798,-6.70352,1.255,0.0,0.503,168.6,17,0.76
1264,dias2014wavf,2014-11-10,12:30:50.145,53.89251,1.108,-9.221,2.237,0.0,0.415,195.4,31,1.31
1272,dias2014wcts,2014-11-11,14:00:37.688,53.42101,1.005,-8.95739,1.669,0.0,0.44,92.8,35,1.3
1279,dias2014wepz,2014-11-12,14:24:29.101,54.52513,1.311,-7.64755,1.307,0.0,0.362,82.4,31,0.88
1287,dias2014wiau,2014-11-14,11:15:59.028,54.61283,2.044,-5.76589,1.657,0.0,0.433,93.7,10,0.63
1289,dias2014wihc,2014-11-14,14:27:53.987,53.37566,1.433,-9.19331,1.961,0.0,0.557,119.9,18,1.47
1306,dias2014wvcq,2014-11-21,14:58:31.517,51.81503,3.477,-9.93561,2.391,0.0,0.748,192.1,9,1.15
1309,dias2014xalg,2014-11-24,12:59:55.435,53.85124,1.056,-8.79172,1.549,0.0,0.565,97.7,27,1.48
1310,dias2014xamh,2014-11-24,13:32:10.200,54.49055,1.413,-5.85776,1.42,0.0,0.44,86.4,19,0.98
1312,dias2014xcdd,2014-11-25,11:10:14.520,54.4354,1.99,-5.80681,1.494,0.0,0.421,114.4,15,0.64
1313,dias2014xchv,2014-11-25,13:33:18.278,54.19342,1.79,-6.14196,1.406,0.0,0.547,95.3,22,1.1
1314,dias2014xcjy,2014-11-25,14:37:21.809,53.83523,0.773,-8.12263,1.109,0.0,0.518,62.2,54,1.55
1317,dias2014xebt,2014-11-26,12:45:02.749,54.39481,1.396,-6.63556,1.895,0.0,0.266,88.0,16,0.76
1319,dias2014xede,2014-11-26,13:28:45.841,54.17022,1.732,-9.85321,1.895,0.0,0.33,143.5,21,1.05
1321,dias2014xedr,2014-11-26,13:42:56.397,54.84453,1.697,-6.20546,1.665,0.0,0.259,108.0,30,1.19
1324,dias2014xfzi,2014-11-27,13:47:54.060,54.8046,1.831,-6.61164,1.35,0.0,0.495,105.5,16,1.02
1325,dias2014xgbb,2014-11-27,14:40:28.849,52.90631,1.192,-9.07004,1.6,0.0,0.405,123.4,26,1.51
1338,dias2014xpcu,2014-12-02,13:45:59.633,52.72601,1.588,-7.00366,1.575,0.0,0.446,72.2,16,0.9
1340,dias2014xpef,2014-12-02,14:28:57.337,53.87441,1.099,-9.31501,3.008,0.0,0.414,201.3,28,1.32
1343,dias2014xqtc,2014-12-03,11:08:21.033,53.18677,2.707,-6.55275,2.668,0.0,0.4,111.4,13,0.4
1346,dias2014xqxt,2014-12-03,13:30:22.938,54.40068,1.304,-6.06365,1.219,0.0,0.435,89.6,32,1.05
1353,dias2014xssm,2014-12-04,13:06:50.508,53.69524,0.854,-6.37503,1.731,0.0,0.459,162.9,41,1.42
1360,dias2014xupu,2014-12-05,14:00:57.036,53.42112,1.282,-8.95667,1.575,0.0,0.415,89.7,22,1.2
1364,dias2014yacl,2014-12-08,14:05:32.938,54.50195,1.832,-5.82934,4.08,0.0,0.263,210.2,10,0.95
1365,dias2014yahg,2014-12-08,16:31:29.741,52.88206,1.038,-8.66698,1.409,0.0,0.424,133.8,32,1.54
1368,dias2014ybvx,2014-12-09,13:03:49.217,54.95399,2.393,-6.57914,1.519,0.0,0.241,133.0,13,1.08
1369,dias2014ybwi,2014-12-09,13:16:48.407,52.61162,1.24,-7.82002,1.237,0.0,0.417,60.1,29,1.65
1370,dias2014ybwx,2014-12-09,13:34:37.390,54.4135,2.029,-5.89182,1.838,0.0,0.316,113.6,10,0.84
1375,dias2014ydto,2014-12-10,14:09:11.622,54.56359,1.956,-5.78424,1.613,0.0,0.532,98.7,11,1.13
1378,dias2014yfnm,2014-12-11,13:21:06.464,54.81018,2.227,-5.85733,2.801,0.0,0.624,132.1,7,0.67
1379,dias2014yfot,2014-12-11,13:59:08.220,54.35722,1.968,-6.19247,2.796,0.0,0.413,135.6,8,0.38
1382,dias2014yfry,2014-12-11,15:35:48.311,54.48354,1.595,-5.78284,1.639,0.0,0.464,87.9,17,1.31
1386,dias2014yhnh,2014-12-12,15:31:12.934,54.37678,1.65,-6.19206,1.658,0.0,0.56,97.4,13,0.77
1390,dias2014ymuu,2014-12-15,12:59:09.441,52.85052,1.029,-7.70871,1.082,0.0,0.484,67.2,37,1.44
1393,dias2014ymwq,2014-12-15,13:55:23.600,53.36813,1.898,-9.64045,2.799,0.0,0.542,193.9,17,1.34
1394,dias2014ymws,2014-12-15,13:58:31.289,52.75175,1.533,-6.13013,1.298,0.0,0.485,150.0,32,1.68
1395,dias2014yoph,2014-12-16,12:29:21.727,54.3913,1.738,-6.64225,1.707,0.0,0.409,87.4,14,0.66
1399,dias2014youk,2014-12-16,15:03:55.757,53.43753,1.182,-7.13625,1.406,0.0,0.517,74.2,22,0.84
1400,dias2014yqky,2014-12-17,12:33:37.545,54.18931,1.308,-7.71352,1.613,0.0,0.384,95.9,21,1.05
1401,dias2014yqlg,2014-12-17,12:43:34.385,54.30775,1.774,-6.61528,1.897,0.0,0.305,79.2,12,0.84
1402,dias2014yqnf,2014-12-17,13:42:33.755,53.97838,0.864,-8.25212,1.332,0.0,0.404,82.2,36,1.34
1409,dias2014yucm,2014-12-19,12:50:04.704,54.53238,1.589,-8.05661,1.761,0.0,0.35,107.3,18,1.09
